<?xml version="1.0" encoding="UTF-8"?>
<metadata xml:lang="zh">
    <Esri>
        <CreaDate>20130705</CreaDate>
        <CreaTime>10574400</CreaTime>
        <ArcGISFormat>1.0</ArcGISFormat>
        <SyncOnce>FALSE</SyncOnce>
        <DataProperties>
            <itemProps>
                <itemName Sync="TRUE">青藏高原范围</itemName>
                <imsContentType Sync="TRUE">002</imsContentType>
                <itemSize Sync="TRUE">0.000</itemSize>
                <itemLocation>
                    <linkage Sync="TRUE">file://\\ZONGJIBIAO-PC\K$\aaa\杨健数据\青藏高原范围.shp</linkage>
                    <protocol Sync="TRUE">Local Area Network</protocol>
                </itemLocation>
            </itemProps>
            <coordRef>
                <type Sync="TRUE">Geographic</type>
                <geogcsn Sync="TRUE">GCS_WGS_1984</geogcsn>
                <peXml Sync="TRUE">&lt;GeographicCoordinateSystem xsi:type='typens:GeographicCoordinateSystem' xmlns:xsi='http://www.w3.org/2001/XMLSchema-instance' xmlns:xs='http://www.w3.org/2001/XMLSchema' xmlns:typens='http://www.esri.com/schemas/ArcGIS/10.0'&gt;&lt;WKT&gt;GEOGCS[&amp;quot;GCS_WGS_1984&amp;quot;,DATUM[&amp;quot;D_WGS_1984&amp;quot;,SPHEROID[&amp;quot;WGS_1984&amp;quot;,6378137.0,298.257223563]],PRIMEM[&amp;quot;Greenwich&amp;quot;,0.0],UNIT[&amp;quot;Degree&amp;quot;,0.0174532925199433],AUTHORITY[&amp;quot;EPSG&amp;quot;,4326]]&lt;/WKT&gt;&lt;XOrigin&gt;-399.99999999999989&lt;/XOrigin&gt;&lt;YOrigin&gt;-399.99999999999989&lt;/YOrigin&gt;&lt;XYScale&gt;11258999068426.24&lt;/XYScale&gt;&lt;ZOrigin&gt;-100000&lt;/ZOrigin&gt;&lt;ZScale&gt;10000&lt;/ZScale&gt;&lt;MOrigin&gt;-100000&lt;/MOrigin&gt;&lt;MScale&gt;10000&lt;/MScale&gt;&lt;XYTolerance&gt;8.9831528411952133e-009&lt;/XYTolerance&gt;&lt;ZTolerance&gt;0.001&lt;/ZTolerance&gt;&lt;MTolerance&gt;0.001&lt;/MTolerance&gt;&lt;HighPrecision&gt;true&lt;/HighPrecision&gt;&lt;LeftLongitude&gt;-180&lt;/LeftLongitude&gt;&lt;WKID&gt;4326&lt;/WKID&gt;&lt;/GeographicCoordinateSystem&gt;</peXml>
            </coordRef>
            <lineage>
                <Process ToolSource="D:\Program Files (x86)\ArcGIS\Desktop10.0\ArcToolbox\Toolboxes\Data Management Tools.tbx\PolygonToLine" Date="20111226" Time="093555">PolygonToLine New_Shapefile(2) K:\aaa\杨健数据\青藏高原边界.shp IDENTIFY_NEIGHBORS</Process>
                <Process ToolSource="D:\Program Files (x86)\ArcGIS\Desktop10.0\ArcToolbox\Toolboxes\Data Management Tools.tbx\FeatureToPolygon" Date="20120320" Time="215814">FeatureToPolygon 青藏高原边界 K:\aaa\杨健数据\青藏高原范围.shp # ATTRIBUTES #</Process>
            </lineage>
        </DataProperties>
        <SyncDate>20120320</SyncDate>
        <SyncTime>21581400</SyncTime>
        <ModDate>20120320</ModDate>
        <ModTime>21581400</ModTime>
    </Esri>
    <dataIdInfo>
        <envirDesc Sync="TRUE">Microsoft Windows Server 2008 R2 Version 6.1 (Build 7601) Service Pack 1; ESRI ArcGIS 10.0.0.2414</envirDesc>
        <dataLang>
            <languageCode value="zho" country="CHN"></languageCode>
        </dataLang>
        <idCitation>
            <resTitle Sync="TRUE">青藏高原范围</resTitle>
            <presForm>
                <PresFormCd value="005"></PresFormCd>
            </presForm>
        </idCitation>
        <descKeys>
            <thesaName uuidref="723f6998-058e-11dc-8314-0800200c9a66"></thesaName>
            <keyword Sync="TRUE">002</keyword>
        </descKeys>
        <spatRpType>
            <SpatRepTypCd value="001"></SpatRepTypCd>
        </spatRpType>
    </dataIdInfo>
    <mdLang>
        <languageCode value="zho"></languageCode>
    </mdLang>
    <mdChar>
        <CharSetCd value="004"></CharSetCd>
    </mdChar>
    <distInfo>
        <distFormat>
            <formatName Sync="TRUE">Shapefile</formatName>
        </distFormat>
        <distTranOps>
            <transSize Sync="TRUE">0.000</transSize>
        </distTranOps>
    </distInfo>
    <mdHrLv>
        <ScopeCd value="005"></ScopeCd>
    </mdHrLv>
    <mdHrLvName Sync="TRUE">dataset</mdHrLvName>
    <refSysInfo>
        <RefSystem>
            <refSysID>
                <identCode code="4326"></identCode>
                <idCodeSpace Sync="TRUE">EPSG</idCodeSpace>
                <idVersion Sync="TRUE">7.4.1</idVersion>
            </refSysID>
        </RefSystem>
    </refSysInfo>
    <spdoinfo>
        <ptvctinf>
            <esriterm Name="青藏高原范围">
                <efeatyp Sync="TRUE">Simple</efeatyp>
                <efeageom Sync="TRUE">4</efeageom>
                <esritopo Sync="TRUE">FALSE</esritopo>
                <efeacnt Sync="TRUE">0</efeacnt>
                <spindex Sync="TRUE">FALSE</spindex>
                <linrefer Sync="TRUE">FALSE</linrefer>
            </esriterm>
        </ptvctinf>
    </spdoinfo>
    <spatRepInfo>
        <VectSpatRep>
            <topLvl>
                <TopoLevCd value="001"></TopoLevCd>
            </topLvl>
            <geometObjs>
                <geoObjTyp>
                    <GeoObjTypCd value="002"></GeoObjTypCd>
                    <geoObjCnt Sync="TRUE">0</geoObjCnt>
                </geoObjTyp>
            </geometObjs>
        </VectSpatRep>
    </spatRepInfo>
    <eainfo>
        <detailed Name="青藏高原范围">
            <enttyp>
                <enttypl Sync="TRUE">青藏高原范围</enttypl>
                <enttypt Sync="TRUE">Feature Class</enttypt>
                <enttypc Sync="TRUE">0</enttypc>
            </enttyp>
            <attr>
                <attrlabl Sync="TRUE">FID</attrlabl>
                <attalias Sync="TRUE">FID</attalias>
                <attrtype Sync="TRUE">OID</attrtype>
                <attwidth Sync="TRUE">4</attwidth>
                <atprecis Sync="TRUE">0</atprecis>
                <attscale Sync="TRUE">0</attscale>
                <attrdef Sync="TRUE">Internal feature number.</attrdef>
                <attrdefs Sync="TRUE">ESRI</attrdefs>
                <attrdomv>
                    <udom Sync="TRUE">Sequential unique whole numbers that are automatically generated.</udom>
                </attrdomv>
            </attr>
            <attr>
                <attrlabl Sync="TRUE">Shape</attrlabl>
                <attalias Sync="TRUE">Shape</attalias>
                <attrtype Sync="TRUE">Geometry</attrtype>
                <attwidth Sync="TRUE">0</attwidth>
                <atprecis Sync="TRUE">0</atprecis>
                <attscale Sync="TRUE">0</attscale>
                <attrdef Sync="TRUE">Feature geometry.</attrdef>
                <attrdefs Sync="TRUE">ESRI</attrdefs>
                <attrdomv>
                    <udom Sync="TRUE">Coordinates defining the features.</udom>
                </attrdomv>
            </attr>
            <attr>
                <attrlabl Sync="TRUE">Id</attrlabl>
                <attalias Sync="TRUE">Id</attalias>
                <attrtype Sync="TRUE">Integer</attrtype>
                <attwidth Sync="TRUE">6</attwidth>
                <atprecis Sync="TRUE">6</atprecis>
                <attscale Sync="TRUE">0</attscale>
            </attr>
        </detailed>
    </eainfo>
    <mdDateSt Sync="TRUE">20120320</mdDateSt>
</metadata>
